{
  "baseline_persistence": {
    "test": {
      "rmse": 0.2491986803513774,
      "mae": 0.20178009979383713
    }
  },
  "linear_regression": {
    "train": {
      "rmse": 0.15414722695119046,
      "mae": 0.12220145812993621
    },
    "val": {
      "rmse": 0.1667995419289651,
      "mae": 0.12560165747814234
    },
    "test": {
      "rmse": 0.1524505269859145,
      "mae": 0.12005246314727684
    }
  },
  "random_forest": {
    "train": {
      "rmse": 0.11322923653921477,
      "mae": 0.08886928323981069
    },
    "val": {
      "rmse": 0.17771078042047328,
      "mae": 0.13436672565722702
    },
    "test": {
      "rmse": 0.1567164904319959,
      "mae": 0.12369374844228252
    }
  },
  "neural_net": {
    "train": {
      "rmse": 0.15774748009827325,
      "mae": 0.12431898751888819
    },
    "val": {
      "rmse": 0.23874946916048878,
      "mae": 0.16480949723069419
    },
    "test": {
      "rmse": 0.24267353084248247,
      "mae": 0.15934163926723224
    }
  }
}